AUTHOR_ID,AUTHOR_NAME,TITLE_ID,TITLE,LANGUAGE,370
1,ALÎ B ABDURRAHMÂN,001_01,Terceme-i ‘Acâ’ib al-Mahlükât,T,
2,TUNUSLU İBRÂHÎM ALKÂTİBÎ,,,,
3,AHMED BÎCAN,003_01,‘Acâ’ib al-Mahlûkât,T,
3,AHMED BÎCAN,003_02,Dürr-i Meknun,T,
4,ÎBRÂHÎM ALMURSÎ,,,,
5,AMÎRUTZES VE OĞLU MEHMED,,Batlamyus Coğrafyası Tercümesi,A,
6,RUKNUDDDÎN AHMED,,‘Acâ’ib al-Mahlükât Tercümesi,T,
7,ALİ EKBER HITÂÎ,,Hıtây-nâme,F,
8,AHMED B ABDUSSALÂM ALMANÜFÎ,,al-Fayz al-Madîd fi Ahbâr al-Nîl al-Sa‘îd,A,
9,KAYIT ALDÂVÜDÎ,,Manâzil al-Hacc,T,
10,ALÎ B AHMED B MUHAMMED ALŞARKÎ ALSAFAKUSÎ,,,,
11,PÎRÎ REÎS,,Haritaları,T,
11,PÎRÎ REÎS,,Kitâb-ı Bahriye,T,
12,İBN ZUNBUL,,Kânun al-Dunyâ,A,
12,İBN ZUNBUL,,Tuhfat al-Mulük va’l-Rağâib li mâ fî’l-Barr va’l-Bahr min al-‘Acâ’ib va’l-Ğarâ’ib,A,
13,HACI AHMED ALTÜNİSÎ,,Risâle-i Coğrafya,T,
14,ALSURÜRÎ,,‘Acâ’ib al-Mahlükât,T,
15,ÎBN ALHAVRANÎ,,al-İşârât ilâ Amâkin al-Ziyârât,A,
16,ŞEYDİ ALÎ REÎS,,Mir’ât al-Mamâlik,T,
16,ŞEYDİ ALÎ REÎS,,Kitâb al-Muhît fi ‘İlm al-Aflâk va’l-Abhur,T,
17,MAHMÜD B AHMED ALHATÎB ALRÜMÎ,,Navâdir al-Garâ’ib va Mavârid al-‘Acâ’ib,T,
17,MAHMÜD B AHMED ALHATÎB ALRÜMÎ,,‘İbret-nümâ,T,
18,MATRAKÇI NASUH,,Beyân-ı Menâzil-i Sefer-i Irakeyn-i Sultan Süleyman Hân,T,
19,CELÂLZÂDE SALİH,,Cavâmi* al-Hikâyât va Lavâmi‘ al-Rivâyât,T,
20,ALÎ MACAR REİS,,,,
21,AYYÜB B HALİL,,Tazkirat al-‘Acâ’ib va Tarcamat al-Garâ’ib,T,
22,MUSTAFÂ B ALÎ ALMUVAKKÎT,,İ‘lâm al-‘îbâd fi A‘lâm al-Bilâd,T,
22,MUSTAFÂ B ALÎ ALMUVAKKÎT,,Tuhfat al-Zamân va Harîdat al-A‘vân,T,
23,ABDURRAHMÂN ABDI EFENDİ,,Ancak ‘Acâ’ib-i Uzmâ,T,
24,BADRUDDÎN ALĞAZZI,,al-Matâli‘ al-Badriyya fî'l-Manâzil al-Rümiyya,A,
25,KUTBUDDÎN ALMAKKÎ,,al-Favâ'id al-Saniyya fî'l-Rihlat al- Madaniyya ve Rümiyya,A,
26,LATİFİ,,Risâle-i Evsâf-ı İstanbul,T,
27,ALÎ ALĞINAÎ ALÎSTANBULI,,Mir'ât-ı Kâinat fi Tarcamati ‘Acâ’ib al-Mahlükât,T,
28,FERİDUN AHMED BEY,,Munşaât al-Salâtin,T,
28,FERİDUN AHMED BEY,,Çaldıran Seferi Menzilnâmesi,T,
28,FERİDUN AHMED BEY,,Dulkadiriye Seferi Menzilnâmesi,T,
28,FERİDUN AHMED BEY,,Mısır Seferi Menzilnâmesi,T,
28,FERİDUN AHMED BEY,,Belgrad Seferi Menzilnâmesi,T,
28,FERİDUN AHMED BEY,,Rodos Seferi Menzilnamesi,T,
28,FERİDUN AHMED BEY,,Budin Seferi Menzilnâmesi,T,
28,FERİDUN AHMED BEY,,Bec Seferi Menzilnâmesi,T,
28,FERİDUN AHMED BEY,,Alman Seferi Menzil-nâmesi,T,
28,FERİDUN AHMED BEY,,Irâkeyn Seferi Menzilnâmesi,T,
28,FERİDUN AHMED BEY,,Pulya Seferi Menzilnâmesi,T,
28,FERİDUN AHMED BEY,,Karaboğdan Seferi Menzilnâmesi,T,
29,MUHAMMED B ALHÂC ALÎ ALMARAŞÎ,,İklîm-nâme,A,
30,SÎPÂHÎZÂDE,,Avzâh al-Masâlik fî Ma‘rifat al-Buldân va’l-Mamâlik,A,
31,MUHAMMED ALSUUDÎ,,"Hadıs-i Nev veya
Târih-i Hind-i Garbi",T,
31,MUHAMMED ALSUUDÎ,,Tarih-i Hind-i Garbi veya Hadis-i Nev,A,
32,HACI MEHMED REÎS,,,,
33,AHMED B İBRAHİM ALTOKADI,,‘Acâibnâme-i Hindistan,T,
34,SALAMIŞ B GÜNDOĞDU ALŞÂLİHÎ,,Sadece al-Bustân fi ‘Acâ’ib al-Arz va’l-Buldân,A,
35,ŞAMSUDDÎN MUHAMMED,,Manâzil al-Haramayn,T,
36,MENEMENLİ MEHMED REİS,,Ege Denizi Haritası,T,
37,SEYYİD LOKMÂN ALÂŞÜRÎ,,İstanbul Haritası,T,
38,DUKAKİN  ZADE OSMAN BEY,,,,
39,ÎBN DÂİR,,Asna’l-Matâlib va Uns al-Labîb va’l-Tâlib,A,
40,İBN ALİMÂM ALBUSRÂVÎ,,Tuhfat al-Anam fi Fazâ'il al-Şâm,A,
41,MUHİBBUDDÎN ALHAMAVÎ,,BavâdiT-Dumü‘ al-‘Andamiyya bi Vâdi'l-Diyâr al-Rümiyya,A,
41,MUHİBBUDDÎN ALHAMAVÎ,,Hâdi'l-Az‘ân al-Nacdiyya ilâ'l-Diyâr al-Mişriyya,A,
42,ÂŞIK MUHAMMED B OMAR,,Manazir al-‘Avâlim,T,
43,ABDURRAHMÂN B HAŞAN ALEDİRNEVÎ,,Manâsik al-Masâlik,T,
44,HUSAMUDDÎN ALBURUSAVÎ,,‘Acâ’ib al-Mahlûkât veya Mir’ât al-Kâinât,T,
45,KATÎB ÇELEBİ,,Cihannümâ,T,
45,KATÎB ÇELEBİ,,Lavâmi' al-Nür fî Zulmati Atlas Minör,T,
45,KATÎB ÇELEBİ,,Tuhfat al-Kibâr fî Asfâr al-Bihâr,T,
46,ALKALYÜBÎ,,Risâla fi Ma'rifati Asma’ al-Biiâd va ‘Urûzihâ va Atvâlihâ,A,
47,MUHAMMED KÎBRÎT,,Rihlat al-Şitâ' va'l-Şayf,A,
48,MUHAMMED B ZAYNUL'ÂBÎDÎN ALBAKRÎ,,Nil Nehri’yle ilgili Nil Nehri’nin Ta’rif ve Evsafı,T,
49,ÎLYÂS B HANÂ ALMAVŞÎLÎ ALKELDÂNÎ,,,,
50,EVLİYA ÇELEBİ,,Seyahatname veya Târîh-i Seyyâh,T,
51,YASIN ALFARAZÎ,,al-Nubzat al-Saniyya fi'l-Ziyârât al-Şâmiyya,A,
51,YASIN ALFARAZÎ,,Ravzat al-Anam fi Fazâ’il al-Şâm,A,
52,ABÜ BAKR B BAHRÂM ALDÎMAŞKÎ,,Muhtaşaru Nuşrat al-îslâm va’l-Surür,T,
52,ABÜ BAKR B BAHRÂM ALDÎMAŞKÎ,,Risâla fi’l-Coğrafya,A,
53,HÂCC ABU'LHASAN,,,,
54,SEYYİD NUH EFENDİ,,Deniz Kitabı,T,
55,ŞERİF EFENDİ B SEYYİD MUHAMMED B ŞEYH BURHÂNEDDÎN,,,,
56,RODOSÎZÂDE MEHMED EMİN,,Tekmile-i Terceme-i ‘Acâ’ib al-Mahlükât,T,
57,HÜSEYİN EFENDİ B MEHMED,,Mir’ât-ı ‘Acâ’ib al-Mahlükât va Garâ’ib al-Mavcüdât,T,
58,ARAYICIZÂDE HÜSEYİN FERDÎ,,Esmâ-i Bilâd (Buldan),T,
59,NÂBÎ EFENDİ,,Tuhfat al-Haramayn,T,
60,ŞÂLÎH B AHMED ALTEMÜRTÂŞÎ,,,,
61,ESİRİ HAŞAN EFENDİ,,Mi‘yâr al-Duval va Misbâr al-Milal,T,
62,ABDULĞANÎ ALNÂBULÛSÎ,,al-Hakîka va’l-Macâz fi Rihlati Bilâd al-Şâm va Mişr va Hicaz,A,
62,ABDULĞANÎ ALNÂBULÛSÎ,,al-Hazrat al-Unsiyya fi’l-Rihlat al-Kudsiyya,A,
62,ABDULĞANÎ ALNÂBULÛSÎ,,Hullat al-Zahab al-İbrîz fi Rihlat Ba‘labak va’l-Bikâ‘ al-‘Azîz,A,
62,ABDULĞANÎ ALNÂBULÛSÎ,,al-Tuhfat al-Nâbulusiyya fi'l-Rihlat al-Trablusiyya,A,
63,YİRMÎSEKÎZ MEHMED ÇELEBÎ,,İcmal-i Ahval-i Avrupa,T,
63,YİRMÎSEKÎZ MEHMED ÇELEBÎ,,Sefaret-nâme-i Fransa,T,
64,PETROS BARONÎAN,,Cem-nümâ fi Fann al-Coğrafya,T,
65,MUHAMMED B ABDULKÂDÎR ALHANAFÎ,,,,
66,İBRAHİM MÜTEFERRİKA,,Tazyıl al-Tâbi',T,
66,İBRAHİM MÜTEFERRİKA,,Macmü’at al-Hay'at al-Kadîma va'l-Cadîda,T,
67,MUSTAFÂ ALBOSNAVÎ,,Dalıl al-Manâhil va Murşid al-Marâhil,T,
68,BARTINLI ÎBRAHÎM HAMDI,,Atlas-ı Cihan,T,
69,MUSTAFA RAHMİ ALKIRIMÎ,,İran Sefaretnâmesi,T,
70,ALMANÎNÎ,,al-ÎTam bi Fazâ’il al-Şâm,A,
71,ÇELEBÎZÂDE İSMAİL ÂSİM,,,,
72,MUSTAFÂ ALLUKAYMÎ,,"al-Hullat al-Mu‘lamat al-Bahîca bi'l-Rihlat al-Kudsiyyat al-
Muhayyica",A,
72,MUSTAFÂ ALLUKAYMÎ,,Mavânih al-Uns bi'l-Rihlati li Vâdi'l-Kuds,A,
73,MUSTAFA ALENDERÜNÎ,,Avrupa Haritası,T,
73,MUSTAFA ALENDERÜNÎ,,Lehistan'ın 1187/1773 Senesindeki Taksimini Gösterir Harita,T,
73,MUSTAFA ALENDERÜNÎ,,Macaristan ve Moskof Dârülharekâtı Haritası,T,
73,MUSTAFA ALENDERÜNÎ,,Pilugorad ve Lehistan Haritası,T,
73,MUSTAFA ALENDERÜNÎ,,"Tuna Havzası, Rusya, Lehistan, Boğdan, Eflak, Ukrayna, Litvanya, Podolya ve Hungarya’nm Bir Kısmının Haritası",T,
74,MUHAMMED EDÎB B MUHAMMED DERVİŞ,,Bahcat (Nahcat) al-Manâzil,T,
75,AHMED RESMÎ EFENDÎ,,Coğrafya-yı Cedide,T,
75,AHMED RESMÎ EFENDÎ,,Prusya Sefâretnâmesi,T,
75,AHMED RESMÎ EFENDÎ,,Viyana Sefâretnâmesi,T,
76,NECATI EFENDİ,,,,
77,OŞMÂN B ABDULMANNÂN,,Tercemetü Kitâb-i Coğrafya,T,
78,MEHMED NAHÎFÎ EFENDİ,,,,
79,ABDULLAH EFENDİ,,Sefâretnâme,T,
80,ABDURREZZAK EFENDİ,,H. 1213/M. 1799 Senesi Düvel-i Avrupa’nın Ahvâli,T,
81,FETHİ EFENDİ,,Vaşf al-Manâzil min Mışr ilâ Makka va min al-Şâm ila Makka va min Dimaşk ila'l-Kuds,T,
82,MAHMUD EFENDİ,,"Avrupa, Asya, Afrika Haritası",T,
83,MEHMED HULUSİ,,Harîtatu Vilayet al-‘Azab,T,
84,RIDVAN PAŞAZÂDE,,Terceme-i Muş'il al-Azhar fî ‘Acâ’ib al-Aktâr,T,
85,SEYYİD ESAD,,ilgili Esâmi-i Büldân,T,
86,HÂFIZ OSMAN,,Merâhil-i Mekke Min al-Şâm,T,
87,AHMED VÂSIF EFENDİ,,İspanya Sefaretnâmesi,T,
88,ABDURRAHMAN EFENDİ,,Cedid Atlas Tercümesi,T,
89,RÂİF MAHMUD EFENDİ,,Kitaba ‘Ucâlat al-Coğrafya,T,
90,KONSTANTÎN KAMİNAR,,Bursa Vilâyeti Haritası,T,
90,KONSTANTÎN KAMİNAR,,Dardanel (Çanakkale Boğazı) Haritası,T,
90,KONSTANTÎN KAMİNAR,,"Avrupa, Asya ve Afrika Haritası",T,
91,SEYYİD ABDUL'AZÎZ B ABDULĞANÎ ALERZÎNCÂNÎ,,,,
92,GÜZELOGLU ARAM,,,,
93,SEYYÎD HAŞAN,,Bayezid Suyolu(Şebeke) Haritası,T,
94,BOZOKLU OSMAN ŞAKIR,,,,
95,HÜSEYİN RIFKI TAMÂNÎ,,Burada al-Madhal fî’l-Coğrafyâ,T,
96,AHMED AZMİ EFENDİ,,Sefâretnâme-i Prusya,T,
97,ÎSTAVRAKÎ,,,,
98,ŞÂNİZÂDE MEHMED ATÂULLAH,,Mufradât-ı Kullîya fi Savâhil al-Bahrîya,T,
99,BOGOS TİRYAKÎOGLU,,Bunlardan Mebâdi-i Coğrafya,T,
100,SEYYİD MEHMED EMÎN VAHÎD EFENDİ,,,,
101,THEOLOGU ALEKO,,,,
102,MUSTAFA BEHÇET EFENDİ,,,,
103,SALİH EFENDİ,,Makamat ve Kale ve Kasaba ve Karyeler Haritası,T,
104,SEYYİD ALÎ PAŞA,,,,
105,MUALLİM ALÎ BEY,,Basra-Bağdad Haritası,T,
105,MUALLİM ALÎ BEY,,Musul Haritası,T,
106,ŞÎHÂBUDDÎN ALÂLÜSÎ,,Naşvat al-Mudâm fi'l-‘Avd ilâ Madînat al-Salâm,A,
106,ŞÎHÂBUDDÎN ALÂLÜSÎ,,Naşvat al-Mudâm fi'l-‘Avdi ilâ Dar al-Salâm,A,
107,KÂMİL SEZÂÎ,,,,
108,MUSTAFA SÂMÎ EFENDİ,,Avrupa Risalesi,T,
109,ÖRFÎ PAŞA,,Coğrafya,T,
110,MEHMED SÂDIK RIFAT PAŞA,,Ahvâl-i Avrupa,T,
110,MEHMED SÂDIK RIFAT PAŞA,,İtalya Seyahatnamesi,T,
111,MUHAMMED ALANVARÎ,,Coğrafya,T,
112,SEYYİD MEHMED RAİF,,Venedik ve Cenevizli Gemicilerin Keşfeylediği Cezâir ve Kristof Kolomb'un Amerika'yı Bulması,T,
113,MUHAMMED B OMAR B SULAYMAN ALTUNÎSI,,al-Rihla ilâ Vadi Ouaday,A,
113,MUHAMMED B OMAR B SULAYMAN ALTUNÎSI,,Taşhîz al-Azhân bi Sirati Bilâd al-Mağrib va’l-Sûdan,A,
114,SÜLEYMAN ŞEVKET,,Mir’ât-ı Memâlik-i Osmaniye,T,
114,SÜLEYMAN ŞEVKET,,Mukaddime-i Coğrafya,T,
115,MANSÜRE BAŞMÜHENDİSİ NURİ BEY,,Mukaddime-i Coğrafya,T,
115,MANSÜRE BAŞMÜHENDİSİ NURİ BEY,,Coğrafyâ-yı Umûmî,T,
116,RAMIZ PAŞAZADE MEHMET İZZET,,Harîta-i Kapüdânân-ı Derya,T,
117,ALTANTÂVÎ,,Tuhfat al-Azkiyâ bi Ahbâri Bilâdi Rusya,A,
118,HÜSNÜ BEY,,Arabistan Yarımadası Haritası,T,
118,HÜSNÜ BEY,,İstanbul Haritası,T,
119,SUBHI BEY,,Bursa Şehri Harîta-i Mufassalası,T,
120,ANTEPLÎ ABDULLAH,,Amerika Seyahatnamesi,T,
121,HACI İZZET EFENDİ,,Kitaba Madhal Cadîd fî’l-Coğrafya,T,
122,OSMAN SÂÎB,,Terceme-i Coğrafya,T,
123,ALRAŞIDÎ,,al-Dirâsat al-Avvaliyya fi’l-Coğrâfyat al-Tabî‘iyya,A,
124,HAYRULLÂH B ABDULHAKK MOLLA,,Afrika Coğrafyası,T,
125,FÂÎK BEY,,Seyâhatnâme-i Bahr-i Muhit,T,
125,FÂÎK BEY,,Târîfâtı,T,
126,MEHMED CEVDET,,,,
127,MUHAMMED B ALÎ B ZAYNULÂBİDÎN,,,,
128,AHMED MUHTAR,,,,
129,A TEVFÎK,,Türkiye,T,
130,ABDURRAHMÂN EFENDİ ALBAĞDÂDÎ,,ve Terceme-i Seyâhatnâme-i Brezilya,T,
131,MÜHENDİS MEHMED ALİ,,Bir Magosa Kalesi Haritası,T,
132,SÂMÎ PAŞAZÂDE ABDÜLHALÎM,,,,
133,HAFIZ ABDÜLLATÎF ALENDERUNÎ,,Zubdat al-Coğrafyâ,T,
134,YORGAKÎ EFENDÎ,,Hey’et-i Sâbıka-i Kostantiniye,T,
135,RÎFÂA RÂFÎ ALTAHTÂVÎ,,Coğrafyatu Bilâd al-Şâm,A,
135,RÎFÂA RÂFÎ ALTAHTÂVÎ,,Coğrafya Şağîra,A,
135,RÎFÂA RÂFÎ ALTAHTÂVÎ,,al-Coğrâfyat al-Umümiyya,A,
135,RÎFÂA RÂFÎ ALTAHTÂVÎ,,Dîvân Kalâ’id al-Mafâhir fî Ğarîb ‘Avâ’id al-Avâ’il va'l-Avâhir,A,
135,RÎFÂA RÂFÎ ALTAHTÂVÎ,,Tahlîş al-îbnz fî Talhîş al-Pârîs,A,
136,CÎBALİLÎ OSMAN EFENDİ,,Burada Mecmü‘a-i Usül-i Ahz-i Harîta-i Bahrî,T,
137,AHMED KAPTAN,,,,
138,ALÎ NAZMI,,Coğrafyası,T,
139,ÖMER LÜTFÎ,,,,
140,SÂLÎM CABRAÎL ALHURI,,Âsâr al-Adhâr,A,
141,ALİ RIZA PAŞA,,,,
142,İSMET BEY,,İlm-i Hey’et ve Coğrafya,T,
143,AHMED BAHRİYELİ,,Afrika Seyahatnamesi,T,
143,AHMED BAHRİYELİ,,"Hive Seyahatnamesi, Musavver",T,
143,AHMED BAHRİYELİ,,Musavver Türkistan Seyahatnamesi,T,
144,MUSTAFA HAMI PAŞA,,Sağır Coğrafya Atlası,T,
144,MUSTAFA HAMI PAŞA,,Zubdat al-‘Ulüm,T,
145,ANDON,,İstanbul Haritası,T,
146,EMİN BEY,,İstanbul’dan Asyâ-yı Şarkı’ye Seyahat,T,
147,RÂĞIB BEY,,Bey'in Coğrafya-yı Umümi,T,
148,DERVİŞ MEHMED PAŞA,,Müzekkire,T,
149,MEHMED HURŞÎD PAŞA,,Seyâhatnâme-i Hudüd,T,
150,MEHMED KAMİL,,‘Arûsat al-Dunyâ,T,
150,MEHMED KAMİL,,Cazîrat al-‘Arab Coğrafyası,T,
151,HEKİM İSMAİL PAŞA,,Coğrafya,T,
152,AHMED ATÂ,,,,
153,ALÎ RIZA B SAÎD,,,,
154,İBRAHİM FASİH ALHAYDARÎ,,‘Unvan al-Macd fi Bayâni Ahvâli Bağdad va'l-Başra va Nacd,A,
155,RIFAT EFENDİ,,"Hamse Taksimatı, Taksîmât-ı Coğrafya-yı Husûsî",T,
155,RIFAT EFENDİ,,Taksım-i Arazî,T,
155,RIFAT EFENDİ,,Coğrafya-yı Tabî'i ve Politiki,T,
156,AHMED NÜRÎ İZZET ALİ,,,,
157,BELKIS HANIM,,İstanbul Haritası,T,
158,MUZAFFER PAŞA,,Coğrafyâ-yı Savkulcayşı,T,
159,SERKÎS İBRÂHÎM B HATTÂR,,al-Acvibat al-Vâfiya fi ‘İlm al-Coğrafya,A,
160,MEHMED HÜSREV,,Memâiik-i Osmaniye’nin Coğrafya-yı Ticarîsi,T,
161,MEHMED REFET,,Birinci Kısım,T,
162,NECİB,,Küçük Coğrafya,T,
162,NECİB,,Coğrafya,T,
163,SÜLEYMAN ASAF,,Amelî Topografya,T,
163,SÜLEYMAN ASAF,,ve İstanbul Limanı Men‘i Müsademe Haritası,T,
164,HOCA KERİM EFENDİ,,Makâlat al-İsti‘lâm li Turbat al-Şâm,A,
164,HOCA KERİM EFENDİ,,Zamân,T,
164,HOCA KERİM EFENDİ,,Tazkirat al-Akalım,A,
165,MAHMÜD PAŞA ALFALAKÎ,,Harîtat al-Vach al-Bahri,A,
165,MAHMÜD PAŞA ALFALAKÎ,,Nuhbatun İcmâliyya fi’l-Coğrâfyat al-Mışriyya,A,
166,HÜSREV,,Memâlik-i Mahrüsa-i Şahane,T,
167,İSMAİL ZÜHDÎ,,Haritası,T,
168,MEHMED NÜRÎ MEHMED VECDET,,Müellifler Topografya,T,
169,MUHAMMED FAVZÎ,,Fann al-Topografya,A,
170,VEHBİ BEY,,Coğrafya-yı Askerî,T,
170,VEHBİ BEY,,Coğrafyâ-yı Sevkülceyşı,T,
171,MEHMED BEDREDDÎN,,Telhıs-i Coğrafya,T,
172,ALŞIDYÂK AHMED FÂRİS,,,,
173,MEHMED ŞEVKET,,Coğrafyası,T,
174,MEHMED REFET PAŞA,,Seyâhatnâme-i Arz-ı Filistin,T,
175,MUSTAFA RÂSİM,,Memâlik-i Mahrüsa-i Şahane Coğrafyası,T,
176,ABDURRAHMÂN ALÎ BEY,,al-Azhâr al-Riyâziyya fi’l-A‘mâl al-Topogrâfiyya,A,
177,FOSFOR MUSTAFA SIDKI PAŞA,,ve Topografya,T,
178,MUHAMMED BAYRAM,,al-Amşâr va'l-Aktâr,A,
179,TUNUSLU HAYREDDÎN PAŞA,,Ma‘rifat Ahvâl al-Mamâlik,A,
180,CEMAL VE TEVFİK,,Rehber-i Bahr-i Ahmer,T,
181,ŞİRVANLI AHMED HAMDI,,"Hindistan, Svat ve Afganistan Seyahatnamesi",T,
181,ŞİRVANLI AHMED HAMDI,,Usul-i Coğrafya,T,
181,ŞİRVANLI AHMED HAMDI,,Usul-i Coğrafyâ-yı Kebîr,T,
181,ŞİRVANLI AHMED HAMDI,,Usül-i Coğrafyâ-yı Sağır,T,
182,AHMED ZİYA,,,,
183,DERVİŞ PAŞA PREVEZELİ,,ilgili Coğrafya-yı Asğar,T,
184,HACI ZAHÎD,,,,
185,HÜSEYİN RAHMİ,,,,
186,İZZET BEY,,,,
187,EYYÜB SABRÎ PAŞA,,Mir'ât al-Haramayn,T,
188,ALÎ SÂÎB,,Coğrâfya-yı Mufassal-ı Memâlik-i Devlet-i Osmaniye,T,
188,ALÎ SÂÎB,,Usul-i Coğrâfyâ-yı Sağır,T,
189,ANTALYALI HALİL SÂLÎM,,Anadolu ve Rumeli’de Bir Küçük Seyahat Yahut Her Yerde Terakki,T,
190,FEHMİ EFENDİ,,Halep Tarikiyle Merâhil-i Kostantıniye,T,
190,FEHMİ EFENDİ,,Kağıthane-Ali Bey Köy Vadilerinin İstikşaf Haritası,T,
190,FEHMİ EFENDİ,,Mebâdi-i Fenn-i Coğrafya,T,
191,HACI MAHMUD BEY,,Acemistan- Afganistan- Buhara- Türkistan- Belucistan Haritası,T,
191,HACI MAHMUD BEY,,Asyâ-yı Osmanî Haritası,T,
191,HACI MAHMUD BEY,,Mufassal Asyâ-yı Osmânı Haritası,T,
192,ÎBN CELÂL SEZÂÎ,,Bursa'ya Seyahat,T,
193,MEHMED CELÂLEDDÎN,,Küçük Coğrafya-yı Umûmî,T,
194,MEHMED İZZET,,Yeni Afrika,T,
195,MEHMED ZEKÎ,,Jean Lapier'in Muhtasar Coğrafya-yı Osmânî,T,
195,MEHMED ZEKÎ,,"Japonya'nın Mazisi, Hâli, İstikbali",T,
196,HAŞAN FERİD,,,,
197,İBRAHİM ABDULMASÎH,,Dalîl Vadi’l-Nıl,A,
198,MEHMED SAFVET,,Japonya Seyahatnâmesi,T,
199,AHMED CEMAL,,Coğrafya-yı Osmânî,T,
199,AHMED CEMAL,,Coğrafya-yı Sağır,T,
199,AHMED CEMAL,,Coğrafya-yı Umumî,T,
199,AHMED CEMAL,,Memalik-i Osmaniye’ye Mahsus Coğrafyâ-yı Askerî,T,
200,ALÎ EFENDİ,,,,
201,HALİD EFENDİ,,Askeriye,T,
202,HÜSEYİN EFENDİ,,Târîh-i Harb ve Usül-i Topografya,T,
203,HÜSEYİN HÜSNÎ,,Coğrafya-yı Umûmî,T,
203,HÜSEYİN HÜSNÎ,,Coğrafya,T,
203,HÜSEYİN HÜSNÎ,,Mufassal Topografya Tatbikatı,T,
203,HÜSEYİN HÜSNÎ,,ve Müsta‘merât-ı Mileli Hâvi Coğrâfyâ-yı Umûmî ve Muhtasar Coğrâfyâ-yı Osmânî,T,
203,HÜSEYİN HÜSNÎ,,Harita Ahzi,T,
203,HÜSEYİN HÜSNÎ,,Usül-i Tahtît-i Arâzı-i Askeri,T,
203,HÜSEYİN HÜSNÎ,,Usul-i Topografya,T,
203,HÜSEYİN HÜSNÎ,,Usül-i Topografya Atlası,T,
204,MEHMED ŞÂKİR,,Suâlli-Cevaplı Muhtasar Numüne-i Coğrafya-yi Umûmî,T,
205,MENEMENLÎZADE ÖMER KAMİL,,Tastîhi ve Tersimi Hakkında Tedkîkât-ı Fenniyye,T,
205,MENEMENLÎZADE ÖMER KAMİL,,Südân-ı Mısrî,T,
206,MUHAMMED FUAD,,,,
207,MUHAMMED HÂLİD EFENDİ,,Coğrafya-yı Seyâhat-i Âlem,T,
207,MUHAMMED HÂLİD EFENDİ,,Nazari ve Amelî Topografya,T,
208,MUHYİDDİN EFENDİ,,ilgili Muhtasar Coğrafya-yı Umûmî,T,
208,MUHYİDDİN EFENDİ,,Mufassal Coğrafya-yı Umumı,T,
208,MUHYİDDİN EFENDİ,,İran Coğrafyası,T,
209,SÜLEYMAN ŞEVKET PAŞA,,Hulâsa-i Coğrafya,T,
209,SÜLEYMAN ŞEVKET PAŞA,,Muhtasar Coğrafya,T,
210,ALÎ MUBARAK PAŞA,,Coğrafyatu Mışr,A,
210,ALÎ MUBARAK PAŞA,,Hakâ’ik al-Ahbâr fi Avşâf al-Bihâr,A,
210,ALÎ MUBARAK PAŞA,,al-Hitat al-Tavfîkiyyat al-Cadîda,A,
211,ÎSMETZÂDE DR M ÂRÎF BEY,,Arif Bey'in Gürcü Köyleri,T,
212,MEHMED RÜŞDÎ,,Coğrafya-yı Îstatistikî,T,
212,MEHMED RÜŞDÎ,,Mükemmel Umûmî Coğrafya Cep Atlası,T,
212,MEHMED RÜŞDÎ,,Zengibar Hakkında Malûmât-ı Mufassala,T,
213,ÖMER SUBHÎ B EDHEM,,"Atina’nın Ahvâl-i Coğrafya ve Târîhiyesiyle Âsâr-ı Atîkası ve
Memleketin Ahvâl-i Askeriyesi",T,
213,ÖMER SUBHÎ B EDHEM,,Coğrafya-yı Hikemî,T,
213,ÖMER SUBHÎ B EDHEM,,Hüdavendigar Vilayeti’nde Bir Hafta Seyahat,T,
213,ÖMER SUBHÎ B EDHEM,,Memâlik-i Osmaniye’nin Mufassal Coğrafyası,T,
213,ÖMER SUBHÎ B EDHEM,,Sahrâ-yı Kebîr ve Südân-ı Merkezî,T,
214,YAĞLIKÇIZÂDE AHMED RÎFAT,,,,
215,ARMANAK,,,,
216,BANDIRMALIZADE MEHMED MUHSİN,,,,
217,MEHMED BAHAUDDIN B HAYRI,,Ameliye,T,
218,MEHMED MUHTAR,,İstanbul ve Boğaziçi Haritası,T,
218,MEHMED MUHTAR,,Türkiye ve Avrupa ve Asya Haritası,T,
219,VAN DİCK,,al-Mir’ât al-Vaz‘iyya fi’l-Kurat al-Arzıyya,A,
220,AHMED REFÎK,,Coğrafya-yı Sevkülceyşî,T,
220,AHMED REFÎK,,Rehber-i Coğrafya-yı Şavk al-Cayşî,T,
220,AHMED REFÎK,,Resimli Nümune-i Coğrafya,T,
221,AHMED ŞEKİB,,Basra Tersanesi,T,
222,TEVFÎK EFENDİZADE İBRAHİM CELALEDDÎN NAKÎBÜLEŞRAF,,ilgili Coğrafya Hocası,T,
223,DR HÜSEYİN REMZİ,,Coğrafya Lügati,T,
224,HACIBEYZÂDE AHMED MUHTAR,,Osmanlı Memleketleri,T,
224,HACIBEYZÂDE AHMED MUHTAR,,Teshıl-i Mesâlih-i Resmiye,T,
225,MEHMED AZMİ,,Yeni Coğrafya,T,
226,MEHMED HİKMET,,,,
227,SABRI BEY RIZA BEY,,İstanbul- Boğaziçi Haritası,T,
228,AHMED RASİM PAŞA,,Cezayir ve Etrafı Haritası,T,
229,MUHTAR PAŞA ALMIŞRÎ,,al-Macmü‘at al-Şâfiya fi ‘İlm al-Coğrâfyâ,A,
229,MUHTAR PAŞA ALMIŞRÎ,,Coğrâfiyya,A,
229,MUHTAR PAŞA ALMIŞRÎ,,"Ma'rifati Kudamâ’ al-
Mışriyyîn li Hakikati Şaki al-Arz",A,
229,MUHTAR PAŞA ALMIŞRÎ,,Bilâdi Zayla' va Harûr va’l-Hâlâ,A,
229,MUHTAR PAŞA ALMIŞRÎ,,Risâla fi Bilâd al-Câdibursî,A,
229,MUHTAR PAŞA ALMIŞRÎ,,Risâla fi Ra’si Hafün va Vâdî Tahum,A,
230,ALİYE MAHİRE HANIM,,Nanes'in Seyahatnamesi,T,
231,SÜLEYMAN TEVFÎK,,,,
232,AHMED TEVFİK,,,,
233,ALÎ HAYDAR,,Ali Haydar Bey Harita Tersimi Atlası,T,
234,İBRAHİM SALAHADDÎN,,"ilgili
Fünün-i Nâfiadan Topografya",T,
235,İSMAİL MAHİR,,"Harita ve Şekilli
Coğrafya Risalesi",T,
236,KUDSÎZÂDE MEHMED ÂKİL,,,,
237,MEHMED REŞÎD,,,,
238,MEHMED ŞÜKRÎ,,Topografya-yı Askerî,T,
238,MEHMED ŞÜKRÎ,,Sualli ve Cevaplı Muhtasar Coğrafya,T,
238,MEHMED ŞÜKRÎ,,Sualli ve Cevaplı Muhtasar Memâlik-i Osmaniye Coğrafyası,T,
239,MEHMED TALAT,,Avrupa Kıtasıyla Memâlik-i Osmaniye'den Bahseder Muhtasar Cografya,T,
240,MUSTAFA RÜHÎ,,Müellifin Coğrâfyâ-yı Tıbbî,T,
241,AMASYALI TAHİR,,,,
242,ÎCLAL HANIM,,,,
243,MEHMED SUBHÎ,,Karadağ ve Ordusu,T,
244,OSMAN ENVER,,Arabistan Umum Memâlik-i Mahrüsa-ı Şahane Harîtası,T,
244,OSMAN ENVER,,Balkanlar Umüm Memâlik-i Mahrüsa-ı Şahane Harîtası,T,
244,OSMAN ENVER,,Haritası,T,
244,OSMAN ENVER,,Kafkasya Umum Memâlik-i Mahrüsa-ı Şâhâne Haritası,T,
244,OSMAN ENVER,,Libya Mısır Umûm Memâlik-i Mahrüsa-ı Şahane Haritası,T,
244,OSMAN ENVER,,Şahane Haritası,T,
244,OSMAN ENVER,,Umûmî Memâlik-i Mahrûsa-ı Şâhâne Haritası,T,
245,SÜLEYMAN NUTKÎ,,Aden Körfezi Rehberi,T,
245,SÜLEYMAN NUTKÎ,,Basra Körfezi Rehberi,T,
246,ALEXANDRE PETROPOLOS,,Coğrafya,T,
247,ALÎ RIZÂ B HAŞAN,,Kadar Deyr Şehri İstikametiyle Takib Olunan Tarikin ve Fırat Nehri Sevâhilinin Mufassal Haritalarının Lâyihası,T,
248,ASAD CÂBİR B OŞMÂN RÂGIB,,Yemen,T,
249,DERVİŞ MEHMED B ÎBRÂHÎM VE MUSTAFÂ NAZMI B SAÎD,,,,
250,HAMÎS B MÂTÎRSAÎD B HAMİŞ,,Murşid Bahrî,A,
251,KÜÇÜK AHMED HOCA,,,,
252,MEHMED SAÎD,,,,
253,SÎYÂHI,,Macma‘ al-Siyâhı,T,
254,AHMED CEVAD PAŞA,,,,
255,HÂŞİM NAZMI,,,,
256,MUSTAFA ŞEVKİ YANBOLULU,,Fenn-i Topografya,T,
256,MUSTAFA ŞEVKİ YANBOLULU,,Malûmat,T,
257,NUSRET ALİ HAN DÎHLEVÎ,,Maçın,T,
258,GÎRAYZADE HÜSEYİN SAADET,,Fenn-i Coğrafya İçin Yazısız Harita Defteri,T,
258,GÎRAYZADE HÜSEYİN SAADET,,Yazısız Harita Defteri,T,
259,HÜSEYİN PAŞA,,Memâlik-i Osmaniye'nin Ziraat Coğrafyası,T,
260,MENEMENLÎZADE MEHMED T AHİR,,Osmanlı Coğrafyası,T,
260,MENEMENLÎZADE MEHMED T AHİR,,Coğrafya-yı Osmânî,T,
260,MENEMENLÎZADE MEHMED T AHİR,,Coğrâfya-yı Osmânî,T,
261,MUHAMMED B ABDULCAVÂD ALKÂYÂTÎ,,Nafhat al-Başâm fi Rıhlat al-Şâm,A,
262,MUHAMMED ŞADIK PAŞA,,Maş‘al al-Mahmil,A,
262,MUHAMMED ŞADIK PAŞA,,Kavkab al-Hacc fî Safar al-Mahmil Bahran va Sayruhu Barran,A,
262,MUHAMMED ŞADIK PAŞA,,Nabzatun Siyahiyya ila'l-Asitana al-‘Aliyya,A,
263,HALÎD B HÜSEYÎN,,,,
264,ALAEDDÎN,,"Umûmî, Altıncı Kitab",T,
265,MEHMED SUAD,,"Eser, Bağdad'dan Haleb'e Arabistan Seyahati",T,
266,ŞEMSEDDİN SAMI,,Kamus al-ATâm,T,
267,ALİ MUZAFFER,,Habeşistan Hakkında Malümât-ı Mücmele,T,
267,ALİ MUZAFFER,,Japonya'da Seyahat,T,
267,ALİ MUZAFFER,,Küre-i Arzın Suret-i Teşekkülü,T,
268,GÂLÎB B ŞEVKİ SELANİKLİ,,ilgili Teşekkül-i Arz,T,
269,ALBACURI,,al-Tazkira fî Tahtît al-Kura,A,
270,İBRAHİM EDHEM PAŞA,,Coğrafya-yı Umûmî,T,
271,ABDURRAZZÂK DERVİŞ,,al-Mişkât al-Saniyya fi’l-Kurat al-Arziyya,A,
272,FUAD BEY,,Yadigar-ı Seyahatim,T,
273,MUSTAFA NİŞLİ,,Mir'at-ı Coğrafya,T,
274,ALÎ FEHMİ,,Bosna ve Hersek,A,
275,İBRAHİM ABDÜSSELÂM,,Yemen Seyahatnamesi ve Coğrafya-yı Nebatîsi,T,
276,MUHAMMED SÂDIK,,Mâder-i Dünyâ,T,
277,ALİ ŞEREF PAŞA,,Coğrafya-yı Umûmî Atlası,T,
277,ALİ ŞEREF PAŞA,,Yeni Atlas,T,
277,ALİ ŞEREF PAŞA,,Yeni Coğrafya Atlası,T,
277,ALİ ŞEREF PAŞA,,Almanya Haritası,T,
277,ALİ ŞEREF PAŞA,,Asya Haritası,T,
277,ALİ ŞEREF PAŞA,,Balkanlar Haritası,T,
277,ALİ ŞEREF PAŞA,,Okyanusya Haritası,T,
277,ALİ ŞEREF PAŞA,,Okyanusya Haritası,T,
277,ALİ ŞEREF PAŞA,,Rumeli-i Şahane Haritası,T,
277,ALİ ŞEREF PAŞA,,Rusya İmparatorluğu ve Sibirya Haritası,T,
277,ALİ ŞEREF PAŞA,,Suriye-Irak-îran Haritası,T,
277,ALİ ŞEREF PAŞA,,Süveyş Boğazı ve Etraflarının Haritası,T,
277,ALİ ŞEREF PAŞA,,Haritası,T,
278,İSMAİL REMZİ,,Orta Anadolu Haritası,T,
279,KARÇİNZÂDE SÜLEYMAN ŞÜKRÎ,,Seyahat al-Kubrâ,T,
280,MEHMED FAZLI,,Resimli Afgan Seyahati,T,
281,MUHAMMED HİLAL,,Lakatât al-Zahab fi Âşâr al-‘Arab,T,
281,MUHAMMED HİLAL,,Trablusgarb Coğrafyası,T,
281,MUHAMMED HİLAL,,Yemen Kıtası’nm Coğrafî ve Îdârî Ahvâli,T,
282,OSMAN NÜRÎ,,Arab Yarımadası Haritası,T,
283,RÜŞDI BEY,,Piyade Miralayı Rüşdü Bey'in Yemen Hatıratı,T,
284,ALİ RIZA,,,,
285,HALÎD ZÎYAEDDÎN,,Musavver Mısır Hatıratı,T,
286,HAŞAN TAHSİN,,Hıtta-i Hicaziye ve Evsâf-ı Harameyn-i Şerîfeyn,T,
286,HAŞAN TAHSİN,,Rehber-i Coğrafya,T,
287,MEHMED REMZİ,,Coğrafyâ-yı Umûmî,T,
287,MEHMED REMZİ,,Coğrafya-yı Umûmî Atlası,T,
287,MEHMED REMZİ,,Mücmel Coğrafya-yı Umûmı,T,
287,MEHMED REMZİ,,Yazısız Harita Defteri,T,
287,MEHMED REMZİ,,Yeni Coğrafya-yı Osmanî,T,
288,OSMAN MÜKERREM,,Afrika Haritası,T,
288,OSMAN MÜKERREM,,Marmara Bölgesi Haritası,T,
289,RÂGIB RIFKI,,Musavver Bulgaristan,T,
290,SÜLEYMAN FÂÎK,,Rehber-i Derya,T,
291,A SENİ,,,,
292,AHMED CELAL İSMAİL MÜNİR ACAR,,,,
293,AHMED SUBHÎ,,Kıraati Hakkında Nazarî ve Amelî Talimler,T,
294,MEHMED NAŞRULLAH B ALHAC NAŞÎR ALDAĞÎSTANÎ,,Atlaslı Coğrafya-yı Osmânî,T,
294,MEHMED NAŞRULLAH B ALHAC NAŞÎR ALDAĞÎSTANÎ,,Asya-yı Osmânî Haritası,T,
294,MEHMED NAŞRULLAH B ALHAC NAŞÎR ALDAĞÎSTANÎ,,Avrupa-yı Osmânî Haritası,T,
294,MEHMED NAŞRULLAH B ALHAC NAŞÎR ALDAĞÎSTANÎ,,Mufassal Amerika Haritası,T,
294,MEHMED NAŞRULLAH B ALHAC NAŞÎR ALDAĞÎSTANÎ,,Mufassal Avrupa Haritası,T,
294,MEHMED NAŞRULLAH B ALHAC NAŞÎR ALDAĞÎSTANÎ,,Mükemmel Asya Haritası,T,
295,MEHMED TEVFÎK,,Coğrafyâ-yı Askerî-i Osmanî'den Avrupa-Asya,T,
295,MEHMED TEVFÎK,,Coğrafya-yı Askerî ve Sevkülceyşî,T,
295,MEHMED TEVFÎK,,Memâlik-i Osmaniye Coğrafyası,T,
296,MEHMED VASIF,,,,
297,OSMAN VÂSIF,,Yüzbaşı Osman Vâsıf'ın Nev Usûl Hulâsa-i Coğrafya,T,
298,TÂHİR PAŞA,,,,
299,MAZHAR BEY,,Küçük Coğrafya,T,
300,MEHMED TEVFÎK SELANİKLİ,,,,
301,SELİM SABİT EFENDİ,,Muhtasar Coğrafya Risalesi,T,
302,BEHRAM MÜNÎR,,,,
303,DERVİŞ ZİYA PAŞA,,ilgili Büyük Coğrafya,T,
304,Dr HAŞAN KADRİ,,Yemen ve Hayatı,T,
305,HÜSEYİN HIFZI,,Küçüklere Haritalı ve Resimli Coğrafya-yı Îbtidâî,T,
305,HÜSEYİN HIFZI,,Rehber-i Coğrafya,T,
305,HÜSEYİN HIFZI,,Rehnümâ-yı Coğrafyâ-yı Umumî,T,
305,HÜSEYİN HIFZI,,Sualli ve Cevablı Mebde-i Coğrafya,T,
305,HÜSEYİN HIFZI,,Sualli ve Cevaplı Musavver Coğrafya-yı Osmânı,T,
306,HÜSEYİN HÜSNÎ,,,,
307,İBRAHİM REFET,,Yeni Hıfzıssıha ve Bulgaristan Ahvâli,T,
308,M TEVFÎK,,Resimli ve Haritalı Yeni Coğrafya-yı Umûmî,T,
309,MEHMED MİHRÎ,,Seyâhatnâme-i Sûdân,T,
310,ŞÜKRI,,Kıtaât-ı Hamseyi Hâvî Yeni Tertib Coğrafya,T,
311,DR YANKO HARALAMBO EFENDİ,,Yozgada Seyahat,T,
312,AZMZÂDE ŞÂDIK ALMUAYYAD,,Afrika Sahrâ-yı Kebîri’nde Seyahat,T,
312,AZMZÂDE ŞÂDIK ALMUAYYAD,,Habeş Seyahatnamesi,T,
313,KEVÂKİBÎZÂDE ABDÜLHÂLİK MÎDHAT,,Coğrafya Muallimi,T,
314,MUSTAFA SAFVET PAŞA,,,,
315,AHMED NAZMI,,,,
316,ALİ NÜZHET,,Memâlik-i Osmaniye Coğrafyası,T,
317,ALİ TEVFİK,,Memâlik-i Mahruse-i Şahane Coğrafyası,T,
317,ALİ TEVFİK,,Memalik-i Osmaniye Coğrafyası,T,
317,ALİ TEVFİK,,Mufassal Memalik-i Osmaniye Coğrafyası,T,
317,ALİ TEVFİK,,Mülahhas Yeni Coğrafya,T,
317,ALİ TEVFİK,,Yeni Coğrafya,T,
317,ALİ TEVFİK,,Yeni Usûl Coğrafya-yı Umumı,T,
318,HAŞAN FEHMİ,,,,
319,MEHMED ALİ,,"ilgili Bulgaristan Coğrafyâ-yı Askerîsi ve Seferberlik Vesâitiyle Ahvâl-i Askeriye ve
SevkuT-Ceyşiyesi",T,
320,MEHMED ARİF,,Muhtasar Avrupa Coğrafyası,T,
320,MEHMED ARİF,,Musavver Yeni Japonya,T,
320,MEHMED ARİF,,Tarz-ı Cedıd Coğrafyâ-yı Umûmî,T,
321,MEHMED HIFZI,,,,
322,NACÎB HUSAYN ALCUNDÎ,,Kitab Manzar Urübba'l-‘Acîb va Mulahhaş Rihalâti Nacıb,A,
323,AHMED MİDHAT EFENDİ,,Avrupa'da Bir Cevelan,T,
323,AHMED MİDHAT EFENDİ,,Medhal-i Târih-i Fünün-i Coğrafya,T,
324,ALİ BEHÇET,,Yaridu Zikruhâ fî Kutub al-Futüh,A,
325,DİYARBAKIRLI HATTAT AZMİ,,Siyah- İran Haritası,T,
326,HALİL ZEKİ,,Halil Zeki’nin Bulgaristan Coğrafyası,T,
327,HİLMİ BEYCELÂL BEY,,,,
328,HÜSEYİN FUÂD SIRRI,,al-Hulâşat al-Vâfiya fi ‘îlm al-Coğrafya,A,
328,HÜSEYİN FUÂD SIRRI,,al-Târîhî,A,
329,MEHMED NURÎ  YUSUF HAMDI,,Küçük Zâbitana Harita Hocası,T,
330,MEHMED SAİD,,Nazarî ve Amelî Topografya,T,
331,MEMDUH SÜLEYMAN,,Coğrafya-yı Umumî,T,
332,MUSTAFA EDÎB EFENDİ,,Kafkasya Darülharb Haritası,T,
333,NAMIK EKREM AYANZÂDE,,Anadolu'da Bir Cevelan,T,
333,NAMIK EKREM AYANZÂDE,,Japonya Sularında,T,
334,SEYYÎD ÎSMAÎL HAKKI,,Coğrafya,T,
334,SEYYÎD ÎSMAÎL HAKKI,,Coğrafyanın Usul-i Tedrisi,T,
334,SEYYÎD ÎSMAÎL HAKKI,,Coğrafya-yı Sevkülceyş,T,
334,SEYYÎD ÎSMAÎL HAKKI,,Memâlik-i Osmaniye’nin Sevkülceyş Coğrafyası,T,
334,SEYYÎD ÎSMAÎL HAKKI,,Müntehab Coğrafya,T,
334,SEYYÎD ÎSMAÎL HAKKI,,Tahtît-i Arâzı-i Askeri,T,
335,MUSTAFA ŞEVKİ PAŞA,,Fenn-i Taksîm-i Arazı,T,
335,MUSTAFA ŞEVKİ PAŞA,,Mükemmel Topografya,T,
336,HÎBATULLÂH ŞARÜF,,Coğrafyatu Filistin,A,
337,MUSTAFA REFİK,,Sven Hedin’in Tibet Dağları’nda,T,
338,ABDÜLKADÎR KADRİ,,,,
339,AHMED TEVFİK PAŞA,,Karadağ Coğrafyası,T,
340,ALÎ RIZA EFENDİ,,Ali Rıza Efendi'nin Menteşe Sancağı'nm Ahvâl-i Zirâiye ve Arziyesi,T,
341,YANYALI DİRVENAĞAZADE İZZEDDİN,,Cihannümâ,T,
342,NECDET,,Coğrafya-yı Osmânî,T,
343,ALİ CEVAD,,Felemenk Kıtası ve Devleti Hakkında Bazı Ma'rûzât ve İstıtlâ‘ât,T,
343,ALİ CEVAD,,Fezleke-i Coğrafya-yı Umumî,T,
343,ALİ CEVAD,,Hulâsa-i Coğrafya-yı Osmanî,T,
343,ALİ CEVAD,,Memâlik-i Osmaniye’nin Tarih ve Coğrafya Lügati,T,
343,ALİ CEVAD,,Muhtasar Coğrafya-yı Osmânî,T,
343,ALİ CEVAD,,Resimli Mücmel Coğrafya,T,
344,CORCİ ZEYDAN,,Muhtasar Coğrafyatu Mısr,A,
345,GASPIRALI İSMÂİL,,Atlaslı Cihannâme,T,
346,MEHMED HAYRI,,,,
347,AHMED BESİM,,Haritalı Yeni Coğrafya-yı Osmânî,T,
347,AHMED BESİM,,Yeni Coğrafya İlk Mekteb İkinci Sınıflar İçin,T,
347,AHMED BESİM,,Sınıflar İçin,T,
348,AHMED SUAD,,ve Mutâlaât-ı Sevkulceyşîye,T,
349,CAVÂD B ALNUZHAT,,Haritah Musavver Coğrafya-yı Umûmî,T,
349,CAVÂD B ALNUZHAT,,Haritah Musavver Memalik-i Osmaniye Coğrafyası,T,
349,CAVÂD B ALNUZHAT,,Coğrafya-yı Ticarî,T,
350,MEHMED EŞREF,,Târıh-i Umumî ve Osmanî Atlası,T,
351,AHMED ŞÜKRÜ PAŞA,,Muhtıra-i Tahtît-i Arazî,T,
352,FUAD ŞİHAB,,,,
353,RIFAT PAŞA,,Coğrafya-yı Hususî ve Umumî,T,
353,RIFAT PAŞA,,Taksîmât-ı Coğrafya-yı Hususî,T,
354,ALİ RIZA MUİN,,,,
355,BEKİR SIDKI ABULSALİH,,"ilgili Millî, Amelî, Vatanî Osmanlı Coğrafyası",T,
356,CEVAD BEY,,Topografya Ameliyatına Mahsûs Tefâzul Tesviye Cedveii,T,
357,AHMED RÂGIB PAŞA,,Kıtaât-ı Hamse’nin Coğrafya-yı Umûmîsi,T,
358,MEHMED RAÎF,,,,
359,MUSTAFA HÎLMÎ,,Muhtasar Coğrafya,T,
360,GAZİ AHMED MUHTAR PAŞA,,Fenn-i Coğrafya,T,
360,GAZİ AHMED MUHTAR PAŞA,,Fenn-i Tersîm-i Riyazi,T,
361,İBRAHİM PAŞA,,Trablusgarb Haritası,T,
362,MEHMED EMİN,,Vaziyeti Selman-ı Pak Meydan Muharebesi Haritası,T,
362,MEHMED EMİN,,Baskın Ateşinden Evvel Haritası,T,
362,MEHMED EMİN,,Muharebesi Haritası,T,
362,MEHMED EMİN,,Haritası,T,
362,MEHMED EMİN,,Delemce'ye Doğru Yürüyüş Takibi Haritası,T,
362,MEHMED EMİN,,İki Tarafın Harekatı Haritası,T,
362,MEHMED EMİN,,Selmân-ı Pak Mevzi'-i Müstahkeminin Haritası,T,
362,MEHMED EMİN,,Selmân-ı Pak Meydan Muharebesi Haritası,T,
362,MEHMED EMİN,,Selmân-ı Pak Meydan Muharebesi Haritası,T,
362,MEHMED EMİN,,Selmân-ı Pak Meydan Muharebesi Haritası,T,
362,MEHMED EMİN,,Selmân-ı Pak Meydan Muharebesiyle Zeyline Mahsus Harita,T,
363,NAZMI,,Vaziyeti,T,
364,NECİB,,,,
365,MEHMED CEMAL,,,,
366,Dr RIFAT OSMAN TOSYAVÎZÂDE,,,,
367,MEHMED,,Mebâdi-i Fenn-i Coğrafya,T,
368,ABDURRAHMAN NAFİZ,,ilgili Coğrafya-yı Umûmî,T,
369,ALÎ SUAD,,Charles Texier'nin Küçük Asya,T,
370,YUSUF VEZİROF,,"Yusuf Vezirofun Tarihî, Coğrafî ve İktisadî Azerbaycan",T,
371,İBRAHİM HAKKI,,Muhtasar Kıbrıs Coğrafyası,T,
372,KADRİ,,"Asya ve Afrika, Amerika ve Okyanusya",T,
372,KADRİ,,Coğrafya-yı Sinâî,T,
372,KADRİ,,Medhal-i Coğrafya ve Mufassal Avrupa,T,
373,ABDURRAHMAN ŞEREF,,Sene,T,
373,ABDURRAHMAN ŞEREF,,Sene,T,
373,ABDURRAHMAN ŞEREF,,Sene,T,
373,ABDURRAHMAN ŞEREF,,Coğrafya-yı Umûmî,T,
373,ABDURRAHMAN ŞEREF,,İstatistik ve Coğrafya-yı Umrânî,T,
374,ALİ FITRÎ,,Coğrafya Notları,T,
374,ALİ FITRÎ,,Îstatistikî ve İktisadî Coğrafya,T,
374,ALİ FITRÎ,,Ta‘birât-ı Sevkülceyşî ve Avarız-ı Coğrafya,T,
375,AHMED MUHTAR,,,,
376,MEHMED CELAL,,Coğrafya-yı Umumî Cep Atlası,T,
376,MEHMED CELAL,,Muhtasar Coğrafya-yı Umûmî,T,
377,MEHMED ŞEVKÎ PAŞA,,Nazari ve Amelî Taksîm-i Arazi,T,
377,MEHMED ŞEVKÎ PAŞA,,On Senelik Haritacılık Hulâsa-ı Târihiyyesi,T,
378,OSMANZÂDE HÜSEYİN VASSAF,,,,
379,MEHMED ZİYA,,"ilgili İstanbul ve Boğaziçi, Bizans ve Osmanlı Medeniyetlerinin Âsâr-ı Bakiyesi",T,
380,AHMED RÂSİM,,Teşekkül-i Cihan Hakkında Fikr-i İcmali,T,
381,FAZLI NECİB SELÂNİKLİ,,Coğrafya-yı Tabiî ve Politikı,T,
381,FAZLI NECİB SELÂNİKLİ,,Mufassal Coğrafya-yı Umumî,T,
382,ÖRİK AĞASIZADE HAŞAN SIRRI,,,,
383,ALÎ ASAF SELÂHADDÎN,,Umumiyesi,T,
384,ALÎ NAZIMA BEY,,Hey'et-i Arz,T,
384,ALÎ NAZIMA BEY,,Küçük Coğrafya,T,
384,ALÎ NAZIMA BEY,,Coğrafyası,T,
385,NECÎB ASIM,,Muhtasar Coğrafya,T,
385,NECÎB ASIM,,Osmanlılar’ın Âsâr-ı Coğrafyası,T,
386,ABDULLAH PAŞA,,İstanbul Haritası,T,
387,CELAL NURÎ,,Coğrafya-yı Târîh-i Mülk-i Rum,T,
387,CELAL NURÎ,,Kutup Musahabeleri,T,
387,CELAL NURÎ,,Şimal Hatıraları,T,
388,MUHAMMED AMÎN ALHANCÎ,,Mu‘cam al-Buldân,A,
389,MEHMED BURHANEDDÎN BELGE,,Coğrafya-yı İktisâdı,T,
390,AHMED İHSAN TOKGÖZ,,Altı Hafta Nil'de Seyahat,T,
390,AHMED İHSAN TOKGÖZ,,Avrupa'da Ne Gördüm,T,
390,AHMED İHSAN TOKGÖZ,,"Sınaî, Ticarî ve İktisadî Avrupa",T,
390,AHMED İHSAN TOKGÖZ,,Tuna'da Bir Hafta,T,
391,FÂİK SABRI DURAN,,Amelî Topografya Mümâreseleri,T,
391,FÂİK SABRI DURAN,,Amerika ve Avustralya,T,
391,FÂİK SABRI DURAN,,Avrupa,T,
391,FÂİK SABRI DURAN,,Beş Kıta Coğrafyası,T,
391,FÂİK SABRI DURAN,,"Beş Kıta Coğrafyası, Afrika",T,
391,FÂİK SABRI DURAN,,"Beş Kıta Coğrafyası, Asya",T,
391,FÂİK SABRI DURAN,,"Beş Kıta Coğrafyası, Avrupa",T,
391,FÂİK SABRI DURAN,,"Beş Kıta Coğrafyası, Cenubî Amerika ve Okyanusya",T,
391,FÂİK SABRI DURAN,,"Beş Kıta Coğrafyası, Şimalî Afrika",T,
391,FÂİK SABRI DURAN,,"Beş Kıta Coğrafyası, Şimalî Amerika",T,
391,FÂİK SABRI DURAN,,Coğrafya Defterleri,T,
391,FÂİK SABRI DURAN,,Coğrafya İlmi Usulleri,T,
391,FÂİK SABRI DURAN,,Coğrafyada İlk Adım,T,
391,FÂİK SABRI DURAN,,Adım,T,
391,FÂİK SABRI DURAN,,Coğrafya-yı Tabii,T,
391,FÂİK SABRI DURAN,,Coğrafya-yı Tabiî Dersleri ve Manâtık-ı Kutbiye,T,
391,FÂİK SABRI DURAN,,Çocuklar İçin Coğrafya Hikâyeleri,T,
391,FÂİK SABRI DURAN,,Çocuklara Coğrafya Dersleri,T,
391,FÂİK SABRI DURAN,,Çocuklara Coğrafya Dersleri,T,
391,FÂİK SABRI DURAN,,"Çocuklara Coğrafya Dersleri, Türkiye Coğrafyası",T,
391,FÂİK SABRI DURAN,,Çocuklara Coğrafya Kıraatleri,T,
391,FÂİK SABRI DURAN,,Harb-i Umumiden Sonra İlk Yeni Dünya Atlası,T,
391,FÂİK SABRI DURAN,,Atlas,T,
391,FÂİK SABRI DURAN,,Küçük Mekteplilere Coğrafya Dersleri,T,
391,FÂİK SABRI DURAN,,Küçüklere Coğrafya Dersleri,T,
391,FÂİK SABRI DURAN,,Mekteplerde Coğrafya Tedrisâtı,T,
391,FÂİK SABRI DURAN,,Muhtasar Coğrafya-yı Umûmî,T,
391,FÂİK SABRI DURAN,,Orta Atlas,T,
391,FÂİK SABRI DURAN,,Osmanlı Coğrafya-yı Tabiî ve İktisadîsi,T,
391,FÂİK SABRI DURAN,,Tahsîl-i İbtidâiyede Coğrafya Tedrisâtı,T,
391,FÂİK SABRI DURAN,,Yeni Asya ve Afrika,T,
391,FÂİK SABRI DURAN,,Yeni Avrupa Coğrafyası,T,
391,FÂİK SABRI DURAN,,Yeni Cep Atlası,T,
391,FÂİK SABRI DURAN,,Yeni Coğrafyaya Medhal,T,
391,FÂİK SABRI DURAN,,Yeni Türkiye Coğrafyası,T,
392,ABDÜRREŞİD İBRAHİM,,,,
393,OSMAN SAFVET GEYLANGİL,,Coğrafya Dersleri,T,
393,OSMAN SAFVET GEYLANGİL,,Coğrafya-yı Umumî,T,
393,OSMAN SAFVET GEYLANGİL,,Kabartma Haritalı Yeni Atlas,T,
393,OSMAN SAFVET GEYLANGİL,,Küçük Osmanlı Coğrafyası,T,
393,OSMAN SAFVET GEYLANGİL,,Küçüklere Coğrafya Dersleri,T,
393,OSMAN SAFVET GEYLANGİL,,Küçüklere Coğrafya Hikâyeleri,T,
393,OSMAN SAFVET GEYLANGİL,,Mektep Atlası,T,
393,OSMAN SAFVET GEYLANGİL,,Memalik-i Osmaniye Coğrafya-yı İktisâdisi,T,
393,OSMAN SAFVET GEYLANGİL,,Mufassal Coğrafya-yı Tabiî,T,
393,OSMAN SAFVET GEYLANGİL,,Osmanlı Coğrafyası,T,
393,OSMAN SAFVET GEYLANGİL,,Resimli ve Haritalı Coğrafya-yı Osmânı,T,
393,OSMAN SAFVET GEYLANGİL,,Resimli ve Haritalı Coğrafya-yı Riyazi ve Osmânî,T,
393,OSMAN SAFVET GEYLANGİL,,Sınıflar İçin,T,
393,OSMAN SAFVET GEYLANGİL,,Resimli ve Haritalı Coğrafya-yı Umümı,T,
393,OSMAN SAFVET GEYLANGİL,,Resimli ve Haritalı Küçük Coğrafya,T,
393,OSMAN SAFVET GEYLANGİL,,Resimli ve Haritalı Küçük Osmanlı Coğrafyası,T,
393,OSMAN SAFVET GEYLANGİL,,Resimli ve Haritalı Yeni Türkiye Coğrafyası,T,
393,OSMAN SAFVET GEYLANGİL,,Yeni Resimli ve Haritalı Coğrafya-yı Osmânî,T,
393,OSMAN SAFVET GEYLANGİL,,Yeni Resimli ve Haritalı Coğrafya-yı Umûmî,T,
393,OSMAN SAFVET GEYLANGİL,,Yeni Türkiye Coğrafyası,T,
394,DAMAD ŞERİF MEHMED PAŞA,,İbn Battûta Seyahatnamesi Tercümesi,T,
395,NAFÎ ATUF KANSU,,,,
396,MAHMUD NEDİM,,Askerî Topografya,T,
396,MAHMUD NEDİM,,"Topografya-yı Tatbikî, Kısm-ı Fennî",T,
397,İBRAHİM EDHEM SOYSAL,,"ilgili Fenn-i Mesâha-i Arazı, Harita Ahz ve Tersimi, Usûl-i Tesviye",T,
398,KÎRKOR SİNABYAN,,Coğrafya-yı Kadîme Lügati,T,
399,VADİ ABU FAZIL,,,,
400,AZMZÂDE HAKKİ ALMUAYYAD,,Coğrafya-yı Tabîîyye,T,
401,RAFÎK ALTAMÎMÎ,,"Beyrut Vilâyeti I, Cenub Kısmı",T,
401,RAFÎK ALTAMÎMÎ,,"II, Şimal Kısmı",T,
402,ÎBN ALCAVÂD AFDALUDDÎN TEKÎNER,,Coğrafya-yı Umrânî,T,
402,ÎBN ALCAVÂD AFDALUDDÎN TEKÎNER,,Mekteb-i Mülkiye-i Şahane Haritası,T,
402,ÎBN ALCAVÂD AFDALUDDÎN TEKÎNER,,Tarîh-i Osmânî Haritaları,T,
403,ABDÜLKÂDİR CAMİ BAYKUT,,Trablusgarb'dan Sahrâ-yı Kebır'e Doğru Seyâhat,T,
404,KİRKOR KÖMÜRCİYAN,,,,
405,MAHMUD NACİ BALKIŞ,,Trablusgarb Vilâyeti,T,
406,İBRAHİM HİLMİ ÇIĞIRAÇAN,,Çocuklara İlk Coğrafya,T,
406,İBRAHİM HİLMİ ÇIĞIRAÇAN,,Cep Atlası,T,
406,İBRAHİM HİLMİ ÇIĞIRAÇAN,,İdadiye Cep Atlası,T,
406,İBRAHİM HİLMİ ÇIĞIRAÇAN,,Memâlik-i Osmaniye Cep Atlası,T,
406,İBRAHİM HİLMİ ÇIĞIRAÇAN,,Rüşdiye Cep Atlası,T,
406,İBRAHİM HİLMİ ÇIĞIRAÇAN,,Umumî Ceb Atlası,T,
407,AHMED HAMİD ONGUNSU,,,,
408,ABDÜLVÂHİD EFENDİ,,,,
409,İSMAİL B İBRAHİM,,Yemen Vilâyet-i Celîlesinin Ahvâl-i Fenniyesi,T,
410,İSMAİL ZÜHDİ,,,,
411,MAHMUD RAGIB ULUĞ,,,,
412,MEHMED ENÎSÎ YALKI,,Marmara Denizi Rehberi,T,
413,MEHMED RÎFAT MANASTIRLI,,,,
414,YAKUB ŞEVKİ SUBAŞI,,,,
415,YUSUF HAFİD HANTUĞ,,Muhtasar Coğrafya-yı Osmânî,T,
415,YUSUF HAFİD HANTUĞ,,Mufassal Coğrafya-yı Umumî,T,
415,YUSUF HAFİD HANTUĞ,,Bursa’ya Seyahat,T,
415,YUSUF HAFİD HANTUĞ,,ilgili Coğrafya-yı Osmânı,T,
415,YUSUF HAFİD HANTUĞ,,Almanya Seyahatnamesi,T,
415,YUSUF HAFİD HANTUĞ,,Felemenk Seyahatnamesi,T,
415,YUSUF HAFİD HANTUĞ,,Yemen,T,
415,YUSUF HAFİD HANTUĞ,,Hulâşat Ahvâl al-Buldân fi Mamâlik-i Davlat-i Âl-i ‘Osman,T,
415,YUSUF HAFİD HANTUĞ,,ilgili Mir’ât-ı Bursa,T,
415,YUSUF HAFİD HANTUĞ,,ilgili Brezilya Seyahatnamesi,T,
415,YUSUF HAFİD HANTUĞ,,ilgili Karadeniz Boğazı İstihkâmâtının Kroki ve Resimlerini Hâvi Mecmuadır,T,
415,YUSUF HAFİD HANTUĞ,,ilgili Karadağ,T,
415,YUSUF HAFİD HANTUĞ,,Hatıratı,T,
415,YUSUF HAFİD HANTUĞ,,Miftâh-ı Yemen,T,
415,YUSUF HAFİD HANTUĞ,,al-Coğrafyat al-Hamaviyya,T,
415,YUSUF HAFİD HANTUĞ,,Aydın’da Seyahat,T,
415,YUSUF HAFİD HANTUĞ,,Anadolu Haritası,T,
415,YUSUF HAFİD HANTUĞ,,Mesafeleriyle Bazı İskelelerine Olan Mesafelerin Saat Haritası,T,
415,YUSUF HAFİD HANTUĞ,,Hicaz Demiryolu Güzergahını İrâe Eder Harita ve Profil-i Harita,T,
415,YUSUF HAFİD HANTUĞ,,Haritatu Coğrafya,T,
415,YUSUF HAFİD HANTUĞ,,Mukaddime-i Risâle-i Coğrafya,T,
415,YUSUF HAFİD HANTUĞ,,Rusya Haritası,T,
416,ABU RAŞÎD İBRAHİM ATIF B ŞAYH ÎSMAIL ALAŞARI,,,,
417,AHMED NACİ OSMAN SAMİ AHMED NÜRÎ,,,,
418,AHMED RASİM,,Seyahat,T,
419,ALÎ SUBHİ,,ilgili Coğrafya-yı Osmânı,T,
420,CEVAD BEY,,Almanya Seyahatnamesi,T,
420,CEVAD BEY,,Felemenk Seyahatnamesi,T,
421,ESAD CÂBİR B OSMAN RÂĞIB,,Yemen,T,
422,FAYZÎ B ABDURRAHMÂN,,Hulâşat Ahvâl al-Buldân fi Mamâlik-i Davlat-i Âl-i ‘Osman,T,
423,FETHULLAH KAPTAN FÂRÎSU ALİ OSMAN,,,,
424,HAŞAN TÂİB,,ilgili Mir’ât-ı Bursa,T,
425,HOCA BEKÎR EFENDİ,,ilgili Brezilya Seyahatnamesi,T,
426,İZZET PAŞA,,ilgili Karadeniz Boğazı İstihkâmâtının Kroki ve Resimlerini Hâvi Mecmuadır,T,
427,KÂMİL BAHRİYELİ,,ilgili Karadağ,T,
428,M ABDÜLFETTAH,,,,
429,MEHMED ZİYA,,Hatıratı,T,
430,MEMDUH PAŞA,,Miftâh-ı Yemen,T,
431,MERDANE EFENDİ,,al-Coğrafyat al-Hamaviyya,T,
432,MİDÎLLÎLİ M HAYREDDİN EFENDİ,,Aydın’da Seyahat,T,
433,OSMAN NÜRÎ,,Anadolu Haritası,T,
434,ÖMER PAŞA,,Mesafeleriyle Bazı İskelelerine Olan Mesafelerin Saat Haritası,T,
435,ÖMER ZEKİ HÜSEYİN MUİN,,Hicaz Demiryolu Güzergahını İrâe Eder Harita ve Profil-i Harita,T,
436,RÎFAT ALÎ BEY,,Haritatu Coğrafya,T,
437,SÂKIB EFENDİ,,,,
438,SALİH EFENDİ,,Mukaddime-i Risâle-i Coğrafya,T,
439,TEVFİK EFENDİ HAYRABOLULU CAFERZÂDE,,,,
440,VASFÎ BEY,,Rusya Haritası,T,
441,VELİYÜRREŞAD,,,,